Id;Age;Income;Home;Emp_length;Intent;Amount;Rate;Status;Percent_income;Default;Cred_length
0;22.0;59000;RENT;123;PERSONAL;35000;16.фев;1;0.59;Y;3
1;21;9600;OWN;5;EDUCATION;1000;ноя.14;0;0.1;N;2
2;25;9600;MORTGAGE;1;MEDICAL;5500;дек.87;1;0.57;N;3
3;23;65500;RENT;4;MEDICAL;35000;15.23;1;0.53;N;2
4;24;54400;RENT;8;MEDICAL;35000;14.27;1;0.55;Y;4
5;21;9900;OWN;2;VENTURE;2500;июл.14;1;0.25;N;2
6;26;77100;RENET;8;EDUCATION;35000;дек.42;1;0.45;N;3
7;24;78956;RENT;5;MEDICAL;35000;11.ноя;1;0.44;N;4
8;24;83000;RENT;8;PERSONAL;35000;08.сен;1;0.42;N;2
9;21.;10000;OWN;6;VENTURE;1600;14.74;1;0.16;N;3
10;22;85000;RENT;6;VENTURE;35000;окт.37;1;0.41;N;4
11;21;10000;OWN;2;HOMEIMPROVEMENT;4500;авг.63;1;0.45;N;2
12;23;95000;RENT;2;VENTURE;35000;07.сен;1;0.37;N;2
13;26;108160;RENT;4;EDUCATION;35000;18.39;1;0.32;N;4
14;23;115000;RENT;2;EDUCATION;35000;07.сен;0;0.3;N;4
15;23;500000;MORTGAGE;7;DEBTCONSOLIDATION;30000;окт.65;0;0.06;N;3
16;23;120000;RENT;0;EDUCATION;35000;07.сен;0;0.29;N;4
17;23;92111;RENT;7;MEDICAL;35000;20.25;1;0.32;N;4
18;23;113000;RENT;8;DEBTCONSOLIDATION;35000;18.25;1;0.31;N;4
19;24;10800;MORTGAGE;8;EDUCATION;1750;окт.99;1;0.16;N;2
20;25;162500;RENT;2;VENTURE;35000;июл.49;0;0.22;N;4
21;25;137000;RENT;9;PERSONAL;34800;16.77;0;0.25;Y;2
22;22;65000;RENT;4;EDUCATION;34000;17.58;1;0.52;No;4
23;24;10980;OWN;0;PERSONAL;1500;июл.29;0;0.14;N;3
24;22;80000;RENT;3;PERSONAL;33950;14.54;1;0.42;Y;4
25;24;67746;RENT;8;HOMEIMPROVEMENT;33000;дек.68;1;0.49;N;3
26;21;11000;MORTGAGE;3;VENTURE;4575;17.74;1;0.42;Y;3
27;23;11000;OWN;0;PERSONAL;1400;сен.32;0;0.13;N;3
28;24;65000;RENT;6;HOMEIMPROVEMENT;32500;сен.99;1;0.5;No;3
29;21;11389;OTHER;5;EDUCATION;4000;дек.84;1;0.35;Y;2
30;21;11520;OWN;5;MEDICAL;2000;11.дек;1;0.17;N;3
31;25;120000;RENT;2;VENTURE;32000;июн.62;0;0.27;N;2
32;26;95000;RENT;7;HOMEIMPROVEMENT;31050;14.17;1;0.33;Y;3
33;25;306000;RENT;2;DEBTCONSOLIDATION;24250;13.85;0;0.08;No;3
34;26;300000;MORTGAGE;10;MEDICAL;7800;13.49;0;0.03;N;4
35;21;12000;OWN;5;EDUCATION;2500;июл.51;1;0.21;N;4
36;22;48000;RENT;1;EDUCATION;30000;18.39;1;0.63;N;2
37;24;64000;RENT;8;DEBTCONSOLIDATION;30000;14.54;1;0.47;Y;3
38;25;75000;RENT;4;HOMEIMPROVEMENT;30000;16.89;1;0.4;Y;4
39;23;71500;RENT;3;DEBTCONSOLIDATION;30000;;1;0.42;N;4
40;26;62050;RENT;6;MEDICAL;30000;17.99;1;0.41;N;2
41;24;12000;OWN;4;VENTURE;2500;дек.69;1;0.21;N;3
42;26;300000;MORTGAGE;10;VENTURE;20000;июл.88;0;0.07;N;4
43;23;300000;OWN;1;EDUCATION;24250;19.41;0;0.08;Y;2
44;26;300000;OWN;9;HOMEIMPROVEMENT;10000;окт.38;0;0.03;N;4
45;26;300000;MORTGAGE;0;EDUCATION;25000;15.33;0;0.08;N;3
46;25;300000;MORTGAGE;9;HOMEIMPROVEMENT;18000;16.45;0;0.06;N;3
47;26;80690;RENT;8;PERSONAL;30000;июл.49;1;0.37;N;3
48;22;66300;RENT;4;MEDICAL;30000;дек.69;1;0.38;N;3
49;26;89028;RENT;0;DEBTCONSOLIDATION;30000;июн.62;1;0.34;N;3
50;24;78000;RENT;4;DEBTCONSOLIDATION;30000;;1;0.38;Y;4
51;23;78000;RENT;7;DEBTCONSOLIDATION;30000;18.62;1;0.38;Y;3
52;23;92004;RENT;6;PERSONAL;30000;15.23;1;0.33;Y;3
53;23;97000;RENT;7;VENTURE;30000;окт.65;1;0.31;N;2
54;25;120000;RENT;9;EDUCATION;30000;07.сен;0;0.25;N;4
55;26;280000;RENT;4;PERSONAL;10000;15.96;0;0.04;Y;3
56;26;277104;RENT;0;VENTURE;20000;ноя.48;0;0.07;N;3
57;23;277000;OWN;3;PERSONAL;35000;;0;0.13;N;4
58;25;128000;RENT;9;PERSONAL;30000;июл.29;0;0.23;N;4
59;24;12000;OWN;2;VENTURE;1750;;0;0.15;Y;3
60;21;131000;RENT;0;VENTURE;30000;май.99;0;0.23;N;4
61;22;275000;OWN;6;VENTURE;12000;ноя.58;0;0.04;N;2
62;26;263000;MORTGAGE;0;EDUCATION;10000;;1;0.04;N;4
63;25;221850;MORTGAGE;9;MEDICAL;25000;15.июл;1;0.1;N;2
64;22;70000;RENT;6;EDUCATION;29100;15.99;1;0.42;N;3
65;22;12000;MORTGAGE;7;EDUCATION;1500;14.84;0;0.13;Y;3
66;26;260000;OWN;10;HOMEIMPROVEMENT;28000;окт.99;0;0.11;N;3
67;25;259000;MORTGAGE;9;HOMEIMPROVEMENT;20000;14.42;0;0.08;Y;2
68;24;255000;MORTGAGE;9;EDUCATION;9600;июн.99;0;0.04;N;2
69;25;250000;RENT;2;MEDICAL;25000;13.49;0;0.1;N;4
70;25;12000;OWN;0;MEDICAL;3000;;1;0.25;N;3
71;22;56950;RENT;6;MEDICAL;28000;;1;0.49;N;2
72;21;12000;OWN;6;EDUCATION;3000;13.61;1;0.25;Y;3
73;23;65000;RENT;2;EDUCATION;28000;07.сен;1;0.43;N;2
74;26;85000;RENT;2;VENTURE;28000;июл.49;1;0.33;N;3
75;26;12000;OWN;2;EDUCATION;6100;июл.51;1;0.51;N;3
76;22;88000;RENT;6;VENTURE;28000;сен.91;1;0.32;N;3
77;21;12000;OWN;0;PERSONAL;4200;13.48;1;0.35;Y;4
78;22;12000;OWN;6;DEBTCONSOLIDATION;4750;июл.14;1;0.4;N;2
79;24;83004;RENT;0;VENTURE;28000;15.99;1;0.34;Y;4
80;24;250000;RENT;2;EDUCATION;18000;дек.98;0;0.07;Y;3
81;144;250000;RENT;4;VENTURE;4800;13.57;0;0.02;N;3
82;25;100000;RENT;5;DEBTCONSOLIDATION;28000;дек.69;0;0.28;N;3
83;26;110000;RENT;10;EDUCATION;28000;08.сен;0;0.25;N;2
84;26;12000;OWN;0;DEBTCONSOLIDATION;2700;;1;0.23;N;4
85;22;108000;RENT;6;EDUCATION;28000;;1;0.26;N;4
86;23;151200;RENT;7;DEBTCONSOLIDATION;28000;11.ноя;0;0.19;N;2
87;24;69000;RENT;2;HOMEIMPROVEMENT;27600;;1;0.4;N;2
88;21;12000;MORTGAGE;5;DEBTCONSOLIDATION;3250;15.68;1;0.27;Y;3
89;22;70000;RENT;4;EDUCATION;27500;13.июн;1;0.39;Y;3
90;22;240000;OWN;6;PERSONAL;25000;;0;0.1;N;2
91;26;73200;RENT;5;VENTURE;27050;15.62;1;0.37;Y;2
92;24;83000;RENT;5;PERSONAL;27000;13.49;1;0.33;Y;2
93;24;73399;RENT;0;VENTURE;27000;;1;0.37;N;3
94;23;62500;RENT;7;MEDICAL;26000;ноя.71;1;0.42;N;2
95;23;120000;RENT;1;EDUCATION;25600;дек.69;0;0.21;N;3
96;24;12360;OWN;2;MEDICAL;1600;13.57;0;0.13;N;3
97;22;60000;RENT;0;VENTURE;25475;окт.99;1;0.42;N;3
98;25;234000;MORTGAGE;3;MEDICAL;20000;14.27;0;0.09;Y;4
99;24;234000;OWN;8;HOMEIMPROVEMENT;20000;авг.88;0;0.09;N;4
100;26;234000;MORTGAGE;10;HOMEIMPROVEMENT;21600;дек.18;0;0.09;N;3
101;25;221004;MORTGAGE;6;DEBTCONSOLIDATION;11900;14.42;1;0.05;Y;3
102;26;232500;MORTGAGE;0;MEDICAL;25000;14.17;0;0.11;Y;2
103;25;230000;MORTGAGE;5;MEDICAL;35000;13.99;0;0.15;N;4
104;23;83000;RENT;7;EDUCATION;25300;окт.99;1;0.3;N;3
105;22;12600;MORTGAGE;;PERSONAL;2000;май.42;1;0.16;N;4
106;25;12600;OWN;3;PERSONAL;1750;13.61;0;0.14;N;3
107;21;42500;RENT;3;EDUCATION;25000;дек.73;1;0.59;Y;3
108;24;41000;RENT;2;HOMEIMPROVEMENT;25000;;1;0.61;N;3
109;25;12816;OWN;0;DEBTCONSOLIDATION;3000;дек.87;1;0.23;Y;4
110;24;12960;MORTGAGE;1;HOMEIMPROVEMENT;3650;сен.91;1;0.28;N;3
111;26;226000;MORTGAGE;4;HOMEIMPROVEMENT;20000;ноя.49;0;0.09;N;4
112;25;225000;MORTGAGE;0;HOMEIMPROVEMENT;30000;19.91;0;0.13;Y;2
113;26;213000;MORTGAGE;6;EDUCATION;35000;окт.65;1;0.16;N;2
114;24;225000;RENT;0;MEDICAL;6000;;0;0.03;N;4
115;24;12960;MORTGAGE;0;DEBTCONSOLIDATION;4500;ноя.83;1;0.35;N;4
116;23;12996;OWN;0;DEBTCONSOLIDATION;2400;13.49;1;0.18;Y;2
117;22;42000;RENT;6;MEDICAL;25000;14.59;1;0.6;Y;2
118;26;48000;RENT;2;EDUCATION;25000;сен.64;1;0.52;N;4
119;25;12996;OWN;1;MEDICAL;3600;14.59;1;0.28;N;3
120;22;12996;OWN;1;EDUCATION;4750;;1;0.37;N;3
121;25;42360;RENT;1;EDUCATION;25000;16.35;1;0.59;Y;3
122;21;49000;RENT;4;EDUCATION;25000;окт.99;1;0.51;N;2
123;25;225000;MORTGAGE;0;VENTURE;25000;18.67;0;0.11;N;2
124;26;225000;RENT;1;EDUCATION;3000;сен.32;0;0.01;N;4
125;23;225000;RENT;8;DEBTCONSOLIDATION;7500;авг.63;0;0.03;N;2
126;26;225000;MORTGAGE;2;VENTURE;25000;10.авг;0;0.11;N;2
127;22;49464;RENT;5;PERSONAL;25000;ноя.83;1;0.51;N;3
128;23;50000;RENT;1;DEBTCONSOLIDATION;25000;07.сен;1;0.5;N;3
129;25;50000;RENT;4;HOMEIMPROVEMENT;25000;май.99;1;0.5;N;2
130;24;44000;RENT;2;DEBTCONSOLIDATION;25000;15.33;1;0.57;N;2
131;23;50000;RENT;1;VENTURE;25000;ноя.83;1;0.5;N;4
132;22;50004;RENT;0;VENTURE;25000;окт.36;1;0.5;N;2
133;22;50004;RENT;3;VENTURE;25000;дек.23;1;0.5;N;3
134;22;52000;RENT;2;EDUCATION;25000;11.ноя;1;0.48;N;4
135;23;13200;OWN;3;DEBTCONSOLIDATION;4950;07.сен;1;0.38;N;4
136;24;220000;MORTGAGE;1;EDUCATION;25000;ноя.58;0;0.11;N;2
137;23;216000;MORTGAGE;5;DEBTCONSOLIDATION;21000;08.сен;0;0.1;N;3
138;25;216000;MORTGAGE;2;EDUCATION;25000;16.июл;0;0.12;N;3
139;26;216000;MORTGAGE;10;EDUCATION;20000;14.22;0;0.09;Y;2
140;23;215000;MORTGAGE;7;MEDICAL;35000;14.79;0;0.16;Y;3
141;26;215000;MORTGAGE;11;EDUCATION;12000;июл.88;0;0.06;N;2
142;23;52000;RENT;1;PERSONAL;25000;13.22;1;0.48;N;2
143;26;46000;RENT;2;DEBTCONSOLIDATION;25000;ноя.86;1;0.54;N;4
144;22;53000;RENT;5;EDUCATION;25000;13.43;1;0.47;Y;4
145;26;47000;RENT;0;HOMEIMPROVEMENT;25000;15.28;1;0.53;Y;2
146;23;47000;RENT;1;VENTURE;25000;17.93;1;0.53;N;2
147;23;13200;MORTGAGE;2;EDUCATION;1400;сен.25;0;0.11;N;4
148;21;13200;OWN;0;VENTURE;4500;дек.98;1;0.34;N;4
149;22;210000;MORTGAGE;6;VENTURE;16000;окт.62;0;0.08;N;4
150;26;210000;OWN;10;PERSONAL;22000;ноя.83;0;0.1;N;4
151;26;48000;RENT;5;VENTURE;25000;18.43;1;0.52;N;2
152;22;54996;RENT;6;EDUCATION;25000;;1;0.45;N;4
153;24;55000;RENT;4;HOMEIMPROVEMENT;25000;;1;0.45;Y;4
154;23;55000;RENT;4;EDUCATION;25000;ноя.36;1;0.45;N;3
155;23;55000;RENT;4;EDUCATION;25000;15.65;1;0.45;Y;3
156;24;55164;RENT;8;PERSONAL;25000;13.22;1;0.45;Y;4
157;26;56000;RENT;4;DEBTCONSOLIDATION;25000;дек.87;1;0.45;N;2
158;24;203500;OWN;8;MEDICAL;20000;13.апр;0;0.1;N;3
159;23;190000;MORTGAGE;5;EDUCATION;22000;17.58;1;0.12;Y;3
160;23;13920;OWN;2;PERSONAL;7750;17.апр;1;0.56;N;4
161;24;60000;RENT;0;PERSONAL;25000;окт.99;1;0.42;N;3
162;24;60000;RENT;2;PERSONAL;25000;11.ноя;1;0.42;N;3
163;26;54000;RENT;7;DEBTCONSOLIDATION;25000;14.83;1;0.46;Y;2
164;23;14000;OWN;2;DEBTCONSOLIDATION;4000;;1;0.29;N;3
165;24;200000;RENT;8;MEDICAL;12000;дек.69;0;0.06;N;2
166;24;200000;MORTGAGE;8;HOMEIMPROVEMENT;12000;13.49;0;0.06;N;2
167;21;200000;MORTGAGE;5;EDUCATION;16000;14.65;0;0.08;N;4
168;25;54000;RENT;3;HOMEIMPROVEMENT;25000;16.82;1;0.46;N;4
169;23;60000;RENT;3;PERSONAL;25000;дек.73;1;0.42;N;3
170;23;60000;RENT;7;PERSONAL;25000;окт.25;1;0.42;N;4
171;21;60000;RENT;6;EDUCATION;25000;окт.99;1;0.42;N;4
172;25;61959;RENT;9;MEDICAL;25000;дек.73;1;0.4;N;2
173;22;56400;RENT;2;HOMEIMPROVEMENT;25000;14.96;1;0.44;Y;3
174;23;200000;MORTGAGE;7;EDUCATION;28000;;0;0.14;N;2
175;21;200000;MORTGAGE;2;DEBTCONSOLIDATION;25000;13.99;0;0.13;N;2
176;24;200000;MORTGAGE;3;VENTURE;24000;июл.49;0;0.12;N;4
177;26;200000;MORTGAGE;4;EDUCATION;15000;14.79;0;0.07;N;3
178;25;200000;MORTGAGE;2;DEBTCONSOLIDATION;15500;ноя.99;0;0.08;N;2
179;24;200000;RENT;8;EDUCATION;10000;авг.49;0;0.05;N;4
180;24;66000;RENT;3;EDUCATION;25000;сен.91;1;0.38;N;2
181;22;66000;RENT;6;EDUCATION;25000;13.июн;1;0.38;Y;3
182;22;200000;MORTGAGE;6;DEBTCONSOLIDATION;9000;июн.17;0;0.04;N;4
183;144;200000;MORTGAGE;4;EDUCATION;6000;ноя.86;0;0.03;N;2
184;25;200000;RENT;5;EDUCATION;18000;16.32;0;0.09;N;3
185;25;200000;MORTGAGE;2;VENTURE;12000;окт.38;0;0.06;N;2
186;25;200000;MORTGAGE;9;PERSONAL;23050;14.35;0;0.12;N;3
187;24;200000;MORTGAGE;8;DEBTCONSOLIDATION;20000;;0;0.1;N;3
188;24;60000;RENT;2;DEBTCONSOLIDATION;25000;;1;0.42;Y;2
189;21;14400;OWN;0;HOMEIMPROVEMENT;3000;;1;0.21;N;4
190;26;66996;RENT;10;PERSONAL;25000;15.21;1;0.37;Y;2
191;23;67000;RENT;3;EDUCATION;25000;07.сен;1;0.37;N;4
192;24;67000;RENT;2;VENTURE;25000;окт.99;1;0.37;N;3
193;24;68000;RENT;5;PERSONAL;25000;14.сен;1;0.37;Y;3
194;25;69000;RENT;9;PERSONAL;25000;17.49;1;0.36;N;2
195;25;200000;MORTGAGE;0;EDUCATION;12000;ноя.48;0;0.06;N;3
196;26;188000;MORTGAGE;10;VENTURE;20000;17.74;1;0.11;N;2
197;26;200000;MORTGAGE;4;PERSONAL;3000;13.92;0;0.01;N;3
198;25;69996;RENT;9;EDUCATION;25000;15.21;1;0.36;N;3
199;22;14400;OWN;2;MEDICAL;4000;окт.99;1;0.28;N;3
200;24;70000;RENT;3;EDUCATION;25000;ноя.86;1;0.36;N;4
201;24;14400;OWN;5;PERSONAL;6000;июл.49;1;0.42;N;3
202;24;56100;RENT;7;MEDICAL;25000;16.49;1;0.38;N;4
203;25;66000;RENT;9;VENTURE;25000;15.33;1;0.38;Y;2
204;26;66000;RENT;3;HOMEIMPROVEMENT;25000;ноя.58;1;0.38;N;4
205;25;14400;OWN;7;EDUCATION;5375;май.79;1;0.37;N;2
206;25;72612;RENT;9;MEDICAL;25000;13.ноя;1;0.34;N;2
207;23;74000;RENT;3;MEDICAL;25000;окт.36;1;0.34;N;3
208;25;75000;RENT;9;DEBTCONSOLIDATION;25000;окт.36;1;0.33;N;2
209;24;192000;RENT;0;MEDICAL;22000;;0;0.11;Y;2
210;21;192000;MORTGAGE;123;VENTURE;20000;июн.54;0;0.1;N;4
211;25;191000;MORTGAGE;1;MEDICAL;10000;дек.53;0;0.05;N;4
212;26;190300;MORTGAGE;5;PERSONAL;15000;;0;0.08;N;3
213;22;190000;MORTGAGE;3;VENTURE;10000;;0;0.05;N;3
214;24;75000;RENT;4;EDUCATION;25000;окт.25;1;0.33;N;4
215;22;71000;RENT;1;EDUCATION;25000;15.95;1;0.35;Y;4
216;26;190000;MORTGAGE;3;VENTURE;20000;дек.18;0;0.11;N;4
217;23;189996;OWN;0;PERSONAL;24000;ноя.83;0;0.13;N;3
218;23;78000;RENT;7;DEBTCONSOLIDATION;25000;;1;0.32;Y;2
219;23;78000;RENT;1;VENTURE;25000;окт.62;1;0.32;N;3
220;23;78504;RENT;7;VENTURE;25000;окт.74;1;0.32;N;3
221;25;186000;OWN;9;VENTURE;10000;окт.25;0;0.05;N;4
222;24;185000;MORTGAGE;;EDUCATION;35000;дек.42;0;0.19;N;2
223;25;185000;RENT;6;VENTURE;15000;15.27;0;0.08;N;2
224;24;62050;RENT;8;MEDICAL;25000;15.33;1;0.34;Y;2
225;23;79416;RENT;7;VENTURE;25000;15.21;1;0.31;Y;2
226;21;14400;OWN;4;VENTURE;6250;14.72;1;0.43;N;2
227;24;79631;RENT;8;PERSONAL;25000;15.июл;1;0.31;Y;2
228;24;79632;RENT;0;EDUCATION;25000;13.35;1;0.31;N;4
229;21;14400;MORTGAGE;0;MEDICAL;1500;;0;0.1;N;4
230;24;80000;RENT;6;EDUCATION;25000;июн.62;1;0.31;N;2
231;26;80000;RENT;5;DEBTCONSOLIDATION;25000;13.61;1;0.31;N;4
232;22;185000;RENT;4;MEDICAL;25000;ноя.36;0;0.14;N;2
233;26;185000;OWN;10;PERSONAL;5000;июл.68;0;0.03;N;2
234;24;184992;RENT;7;HOMEIMPROVEMENT;22000;14.46;0;0.12;Y;4
235;23;184000;OWN;5;EDUCATION;2500;ноя.83;0;0.01;N;2
236;24;172000;MORTGAGE;6;DEBTCONSOLIDATION;20000;13.47;1;0.12;Y;4
237;24;183000;MORTGAGE;2;MEDICAL;20000;ноя.49;0;0.11;N;3
238;22;183000;MORTGAGE;3;EDUCATION;1000;;0;0.01;N;2
239;25;182952;MORTGAGE;9;PERSONAL;15000;06.мар;0;0.08;N;3
240;23;74004;RENT;7;DEBTCONSOLIDATION;25000;16.35;1;0.34;N;4
241;26;74004;RENT;10;DEBTCONSOLIDATION;25000;;1;0.34;Y;4
242;25;81000;RENT;5;DEBTCONSOLIDATION;25000;июл.29;1;0.31;N;3
243;23;81600;RENT;1;MEDICAL;25000;ноя.36;1;0.31;N;3
244;24;82000;RENT;8;VENTURE;25000;окт.25;0;0.3;N;2
245;24;83000;RENT;5;EDUCATION;25000;11.дек;0;0.3;N;3
246;24;83000;RENT;5;PERSONAL;25000;дек.92;0;0.3;Y;3
247;24;180000;RENT;8;EDUCATION;18000;18.64;0;0.1;Y;4
248;23;180000;MORTGAGE;8;PERSONAL;28000;июл.51;0;0.16;N;3
249;23;14400;OWN;2;HOMEIMPROVEMENT;4000;16.июл;1;0.28;N;2
250;22;14400;OWN;0;PERSONAL;2100;ноя.14;0;0.15;N;4
251;22;84500;RENT;6;PERSONAL;25000;18.мар;0;0.3;N;4
252;24;85000;RENT;5;MEDICAL;25000;окт.62;0;0.29;N;4
253;24;180000;MORTGAGE;7;VENTURE;14000;ноя.99;0;0.08;N;2
254;26;180000;MORTGAGE;2;VENTURE;12000;сен.63;0;0.07;N;4
255;25;142800;MORTGAGE;9;MEDICAL;10000;18.25;1;0.06;N;4
256;23;14664;MORTGAGE;0;DEBTCONSOLIDATION;6000;;1;0.41;N;4
257;24;87000;RENT;8;HOMEIMPROVEMENT;25000;14.84;0;0.29;N;3
258;24;75000;RENT;0;VENTURE;25000;14.июл;1;0.33;Y;3
259;23;76000;RENT;7;DEBTCONSOLIDATION;25000;16.фев;1;0.33;N;4
260;23;66215;RENT;1;MEDICAL;25000;15.37;1;0.32;Y;2
261;25;90000;RENT;9;MEDICAL;25000;окт.99;0;0.28;N;4
262;21;15000;OWN;0;HOMEIMPROVEMENT;6200;07.сен;1;0.41;N;2
263;26;180000;OWN;2;PERSONAL;25000;окт.99;0;0.14;N;4
264;24;180000;OWN;8;EDUCATION;21000;ноя.48;0;0.12;N;3
265;25;180000;OWN;9;MEDICAL;20000;14.26;0;0.11;Y;4
266;26;180000;OWN;0;HOMEIMPROVEMENT;10000;8;0;0.06;N;4
267;25;180000;MORTGAGE;3;VENTURE;9950;ноя.26;0;0.06;N;2
268;23;15000;OWN;7;MEDICAL;4475;;1;0.3;N;4
269;23;78000;RENT;2;VENTURE;25000;16.32;1;0.32;Y;3
270;25;66300;RENT;3;MEDICAL;25000;17.93;1;0.32;Y;4
271;23;90000;RENT;0;DEBTCONSOLIDATION;25000;ноя.36;0;0.28;N;3
272;24;79000;RENT;9;DEBTCONSOLIDATION;25000;14.96;1;0.32;Y;4
273;24;91800;RENT;4;PERSONAL;25000;13.43;0;0.27;Y;3
274;25;92000;RENT;6;HOMEIMPROVEMENT;25000;дек.69;0;0.27;N;3
275;24;92000;RENT;1;VENTURE;25000;дек.73;0;0.27;Y;4
276;23;93600;RENT;3;VENTURE;25000;15.21;0;0.27;N;4
277;23;15000;MORTGAGE;1;MEDICAL;1750;дек.68;0;0.12;Y;3
278;23;70550;RENT;3;MEDICAL;25000;19.апр;1;0.3;Y;4
279;25;83800;RENT;2;DEBTCONSOLIDATION;25000;15.95;1;0.3;Y;3
280;26;175000;MORTGAGE;3;VENTURE;2600;08.сен;0;0.01;N;4
281;25;175000;MORTGAGE;10;HOMEIMPROVEMENT;8000;07.сен;0;0.05;N;2
282;22;175000;MORTGAGE;6;EDUCATION;18000;;0;0.1;N;2
283;23;175000;MORTGAGE;8;PERSONAL;21000;ноя.99;0;0.12;N;3
284;23;15000;OWN;4;DEBTCONSOLIDATION;4000;13.98;1;0.27;N;4
285;23;15000;OWN;4;VENTURE;4600;окт.99;1;0.31;N;2
286;22;88000;RENT;6;DEBTCONSOLIDATION;25000;15.58;1;0.28;Y;2
287;25;74800;RENT;2;MEDICAL;25000;окт.99;1;0.28;N;2
288;25;88000;RENT;0;VENTURE;25000;14.96;1;0.28;N;4
289;25;15000;OWN;2;HOMEIMPROVEMENT;1750;15.31;0;0.12;Y;4
290;26;88000;RENT;2;VENTURE;25000;15.65;1;0.28;N;3
291;25;100000;RENT;1;VENTURE;25000;сен.33;0;0.25;N;4
292;23;15000;MORTGAGE;0;PERSONAL;3600;13.47;1;0.24;N;4
293;24;102400;RENT;8;PERSONAL;25000;окт.36;0;0.24;N;3
294;24;92000;RENT;1;HOMEIMPROVEMENT;25000;16.77;1;0.27;Y;4
295;23;93000;RENT;0;DEBTCONSOLIDATION;25000;14.59;1;0.27;Y;2
296;22;175000;RENT;6;VENTURE;3500;ноя.91;0;0.02;Y;2
297;23;175000;MORTGAGE;3;EDUCATION;7200;авг.38;0;0.04;N;3
298;25;174708;RENT;9;VENTURE;9000;окт.59;0;0.05;N;3
299;25;174000;MORTGAGE;2;DEBTCONSOLIDATION;8800;14.27;0;0.05;N;3
300;26;174000;RENT;8;DEBTCONSOLIDATION;12000;дек.53;0;0.07;N;4
301;25;162000;MORTGAGE;5;DEBTCONSOLIDATION;25000;16;1;0.15;Y;3
302;26;173467;MORTGAGE;10;VENTURE;10000;ноя.71;0;0.06;N;4
303;21;15000;OWN;0;HOMEIMPROVEMENT;3175;ноя.54;1;0.21;Y;3
304;25;96000;RENT;2;HOMEIMPROVEMENT;25000;15.68;1;0.26;Y;4
305;21;15120;MORTGAGE;0;EDUCATION;1500;окт.59;0;0.1;N;2
306;24;97908;RENT;8;HOMEIMPROVEMENT;25000;дек.61;1;0.26;Y;2
307;26;110000;RENT;3;PERSONAL;25000;;0;0.23;Y;2
308;23;15204;MORTGAGE;7;PERSONAL;2800;авг.49;1;0.18;N;3
309;25;159600;RENT;0;PERSONAL;30000;17.27;1;0.19;Y;4
310;24;171500;RENT;6;DEBTCONSOLIDATION;18000;08.сен;0;0.1;N;4
311;25;170004;MORTGAGE;3;MEDICAL;10000;11.ноя;0;0.06;N;4
312;24;158004;RENT;0;HOMEIMPROVEMENT;25000;14.59;1;0.16;Y;2
313;26;170000;RENT;0;VENTURE;13000;дек.42;0;0.08;N;3
314;24;83300;RENT;0;MEDICAL;25000;;1;0.26;N;2
315;24;110000;RENT;7;HOMEIMPROVEMENT;25000;15.июл;0;0.23;Y;2
316;22;15360;OWN;7;HOMEIMPROVEMENT;2500;дек.53;1;0.16;N;3
317;25;134300;RENT;3;MEDICAL;5000;16.49;1;0.03;N;2
318;25;170000;MORTGAGE;2;EDUCATION;20000;июл.49;0;0.12;N;2
319;22;100580;RENT;6;DEBTCONSOLIDATION;25000;14.96;1;0.25;Y;2
320;25;113000;RENT;7;MEDICAL;25000;дек.73;0;0.22;Y;4
321;24;120000;RENT;8;EDUCATION;25000;окт.65;0;0.21;N;4
322;25;120000;RENT;6;MEDICAL;25000;окт.74;0;0.21;N;2
323;23;120000;RENT;7;EDUCATION;25000;сен.99;0;0.21;N;2
324;24;91800;RENT;5;MEDICAL;25000;15.33;1;0.23;Y;2
325;21;15600;OWN;5;VENTURE;1000;июл.29;0;0.06;N;4
326;26;108000;RENT;2;PERSONAL;25000;15.май;1;0.23;N;3
327;26;129996;RENT;6;PERSONAL;25000;окт.75;0;0.19;N;3
328;23;130000;RENT;4;EDUCATION;25000;16.фев;0;0.19;Y;2
329;23;130000;RENT;7;VENTURE;25000;ноя.49;0;0.19;N;4
330;25;170000;OWN;4;EDUCATION;20000;дек.53;0;0.12;N;4
331;26;170000;MORTGAGE;0;VENTURE;12000;13.57;0;0.07;Y;2
332;22;169000;RENT;1;PERSONAL;14000;ноя.14;0;0.08;N;3
333;26;168750;RENT;10;MEDICAL;24250;дек.87;0;0.14;Y;3
334;23;168600;RENT;3;EDUCATION;20000;ноя.58;0;0.12;N;3
335;24;168288;RENT;5;HOMEIMPROVEMENT;1800;11.дек;0;0.01;N;3
336;25;168000;MORTGAGE;2;PERSONAL;35000;окт.65;0;0.21;N;2
337;24;133300;RENT;6;DEBTCONSOLIDATION;25000;окт.37;0;0.19;N;2
338;24;15600;OWN;5;HOMEIMPROVEMENT;3300;июн.39;1;0.21;N;4
339;24;134000;RENT;8;PERSONAL;25000;16.июл;0;0.19;Y;3
340;25;134000;RENT;7;MEDICAL;25000;окт.62;0;0.19;N;2
341;25;15600;OWN;0;VENTURE;3200;18.сен;1;0.21;N;2
342;25;135000;RENT;5;EDUCATION;25000;ноя.36;0;0.19;N;4
343;26;135660;RENT;10;DEBTCONSOLIDATION;25000;дек.53;0;0.18;N;4
344;25;145000;RENT;0;EDUCATION;25000;сен.99;0;0.17;N;4
345;23;150000;RENT;4;EDUCATION;25000;окт.36;0;0.17;N;3
346;23;165000;MORTGAGE;3;EDUCATION;9600;май.99;0;0.06;N;3
347;22;153000;MORTGAGE;5;DEBTCONSOLIDATION;24000;15.62;1;0.16;Y;2
348;24;165000;MORTGAGE;5;PERSONAL;20000;окт.37;0;0.12;N;4
349;25;165000;MORTGAGE;0;HOMEIMPROVEMENT;25000;19.74;0;0.15;N;4
350;21;165000;MORTGAGE;5;EDUCATION;20000;июн.91;0;0.12;N;4
351;23;16000;OWN;7;MEDICAL;6000;07.сен;1;0.38;N;2
352;23;16000;MORTGAGE;3;DEBTCONSOLIDATION;2275;13.июн;0;0.14;Y;4
353;23;16000;OWN;7;PERSONAL;2000;июн.39;0;0.13;N;3
354;23;148000;RENT;1;DEBTCONSOLIDATION;25000;14.93;1;0.17;N;3
355;23;16000;MORTGAGE;1;MEDICAL;5600;дек.84;1;0.35;N;4
356;24;16020;OWN;3;VENTURE;3625;17.14;1;0.23;Y;2
357;22;16094;MORTGAGE;2;VENTURE;5500;июл.14;1;0.34;N;3
358;25;175000;RENT;2;PERSONAL;25000;08.сен;0;0.14;N;2
359;22;16200;OWN;6;PERSONAL;2000;дек.42;0;0.12;N;3
360;24;185000;RENT;7;HOMEIMPROVEMENT;25000;дек.68;0;0.14;Y;2
361;25;162000;RENT;9;PERSONAL;25000;11.мар;0;0.15;N;2
362;26;161000;RENT;10;VENTURE;30000;07.сен;0;0.19;N;4
363;22;160000;MORTGAGE;0;MEDICAL;35000;окт.65;0;0.22;N;4
364;25;225000;RENT;5;VENTURE;25000;ноя.86;0;0.11;N;4
365;25;16400;OWN;1;PERSONAL;5000;авг.94;1;0.3;N;4
366;23;16500;OWN;6;VENTURE;4375;сен.63;1;0.27;N;4
367;25;49500;RENT;6;PERSONAL;24750;14.22;1;0.5;N;3
368;23;60000;RENT;4;DEBTCONSOLIDATION;24750;сен.33;1;0.41;N;3
369;24;84200;RENT;8;MEDICAL;24500;13.85;0;0.29;N;4
370;22;16800;MORTGAGE;5;EDUCATION;2000;окт.65;0;0.12;N;2
371;24;92000;RENT;8;MEDICAL;24500;ноя.46;0;0.27;N;4
372;23;160000;MORTGAGE;5;PERSONAL;35000;июл.66;0;0.22;N;2
373;24;160000;MORTGAGE;9;VENTURE;12000;16.77;0;0.07;N;4
374;25;160000;MORTGAGE;1;PERSONAL;12000;сен.63;0;0.07;N;4
375;26;160000;RENT;6;PERSONAL;25000;дек.23;0;0.16;Y;4
376;25;125800;MORTGAGE;0;MEDICAL;10000;14.сен;1;0.07;N;4
377;25;54000;RENT;2;PERSONAL;24250;13.98;1;0.45;N;4
378;23;62500;RENT;1;EDUCATION;24250;окт.62;1;0.39;N;4
379;24;16800;MORTGAGE;;DEBTCONSOLIDATION;3900;;1;0.23;N;3
380;25;68400;RENT;9;PERSONAL;24250;17.56;1;0.35;N;4
381;26;56045;RENT;1;MEDICAL;24250;14.96;1;0.37;N;2
382;22;74000;RENT;7;DEBTCONSOLIDATION;24250;15.65;1;0.33;Y;2
383;24;65453;RENT;9;MEDICAL;24250;15.июл;1;0.31;N;2
384;24;89908;RENT;1;VENTURE;24250;дек.53;0;0.27;N;3
385;26;78000;RENT;0;HOMEIMPROVEMENT;24250;17.56;1;0.31;Y;3
386;23;100000;RENT;0;PERSONAL;24250;дек.87;0;0.24;Y;2
387;23;103000;RENT;6;PERSONAL;24250;15.июл;0;0.24;N;2
388;25;160000;MORTGAGE;2;EDUCATION;9000;;0;0.06;N;3
389;25;160000;OWN;5;VENTURE;15000;ноя.14;0;0.09;N;4
390;24;160000;MORTGAGE;3;VENTURE;20000;16;0;0.13;N;3
391;23;160000;MORTGAGE;2;EDUCATION;25000;15.65;0;0.16;Y;2
392;26;160000;MORTGAGE;0;DEBTCONSOLIDATION;13750;;0;0.09;N;4
393;21;160000;MORTGAGE;3;VENTURE;15250;15.31;0;0.1;Y;4
394;25;160000;MORTGAGE;3;VENTURE;20000;13.47;0;0.13;Y;2
395;22;16800;MORTGAGE;0;HOMEIMPROVEMENT;4750;13.85;1;0.28;Y;2
396;25;111996;RENT;9;PERSONAL;24250;;0;0.22;N;3
397;21;16800;MORTGAGE;0;VENTURE;6000;окт.39;1;0.36;N;4
398;25;115200;RENT;0;HOMEIMPROVEMENT;24250;ноя.36;0;0.21;N;2
399;23;144000;RENT;0;EDUCATION;24250;ноя.83;0;0.17;N;3
400;23;287000;RENT;3;EDUCATION;24250;дек.53;0;0.08;N;3
401;22;108000;RENT;1;HOMEIMPROVEMENT;24150;14.96;1;0.22;Y;3
402;22;43000;RENT;7;DEBTCONSOLIDATION;24000;13.85;1;0.56;Y;3
403;23;47004;RENT;1;VENTURE;24000;ноя.58;1;0.51;N;4
404;24;48000;RENT;4;VENTURE;24000;16.29;1;0.5;Y;2
405;26;48000;RENT;4;MEDICAL;24000;;1;0.5;N;3
406;21;44964;RENT;2;EDUCATION;24000;16.29;1;0.53;Y;2
407;25;52000;RENT;;PERSONAL;24000;окт.74;1;0.46;N;2
408;22;17352;MORTGAGE;;EDUCATION;2250;15.27;0;0.13;Y;3
409;24;47000;RENT;3;PERSONAL;24000;17.авг;1;0.51;N;2
410;22;17400;MORTGAGE;6;VENTURE;1000;ноя.36;0;0.06;N;2
411;22;49000;RENT;2;MEDICAL;24000;17.56;1;0.49;N;4
412;26;60000;RENT;0;PERSONAL;24000;07.сен;1;0.4;N;4
413;25;60000;RENT;3;PERSONAL;24000;окт.99;1;0.4;N;4
414;22;60000;RENT;0;PERSONAL;24000;июл.29;1;0.4;N;3
415;21;60000;RENT;5;MEDICAL;24000;окт.75;1;0.4;N;2
416;26;62004;RENT;9;DEBTCONSOLIDATION;24000;07.сен;1;0.39;N;3
417;22;62400;RENT;3;EDUCATION;24000;14.84;1;0.38;N;2
418;26;65000;RENT;10;DEBTCONSOLIDATION;24000;;1;0.37;N;2
419;22;17760;MORTGAGE;6;EDUCATION;4975;;1;0.28;Y;3
420;23;59000;RENT;5;DEBTCONSOLIDATION;24000;19.69;1;0.41;Y;2
421;23;66000;RENT;6;VENTURE;24000;;1;0.36;N;4
422;24;60000;RENT;0;VENTURE;24000;14.96;1;0.4;N;4
423;25;66143;RENT;9;EDUCATION;24000;июн.99;1;0.36;N;3
424;22;62250;RENT;3;PERSONAL;24000;16.45;1;0.39;Y;4
425;24;70000;RENT;8;EDUCATION;24000;окт.99;1;0.34;N;4
426;23;74000;RENT;7;DEBTCONSOLIDATION;24000;окт.99;1;0.32;N;2
427;22;18000;OWN;3;PERSONAL;3000;07.сен;1;0.17;N;4
428;22;75000;RENT;6;EDUCATION;24000;дек.69;1;0.32;N;4
429;24;75000;RENT;9;MEDICAL;24000;окт.37;1;0.32;N;3
430;24;75000;RENT;7;HOMEIMPROVEMENT;24000;;1;0.32;N;3
431;26;69000;RENT;0;DEBTCONSOLIDATION;24000;15.83;1;0.35;N;3
432;23;78000;RENT;4;PERSONAL;24000;13.92;1;0.31;N;3
433;22;18000;OWN;;VENTURE;2000;ноя.49;0;0.11;N;3
434;24;80000;RENT;2;MEDICAL;24000;окт.25;0;0.3;N;2
435;22;18000;OWN;1;HOMEIMPROVEMENT;3500;июл.49;1;0.19;N;4
436;23;18000;OWN;3;EDUCATION;4000;май.99;1;0.22;N;2
437;23;74700;RENT;6;PERSONAL;24000;дек.92;1;0.32;N;2
438;26;88596;RENT;3;PERSONAL;24000;ноя.58;0;0.27;N;3
439;25;95000;RENT;4;EDUCATION;24000;08.сен;0;0.25;N;2
440;22;83000;RENT;6;DEBTCONSOLIDATION;24000;19.69;1;0.29;N;3
441;25;95000;RENT;9;VENTURE;24000;июн.54;0;0.25;N;4
442;21;18000;OWN;3;HOMEIMPROVEMENT;4900;14.54;1;0.27;Y;4
443;21;18000;OWN;;EDUCATION;5000;11.ноя;1;0.28;N;2
444;26;100000;RENT;5;PERSONAL;24000;дек.73;0;0.24;N;4
445;24;110000;RENT;7;VENTURE;24000;15.62;0;0.22;N;4
446;24;18000;OWN;0;HOMEIMPROVEMENT;6250;июн.54;1;0.35;N;4
447;22;98000;RENT;7;DEBTCONSOLIDATION;24000;;1;0.24;Y;2
448;26;103872;RENT;6;DEBTCONSOLIDATION;24000;20.мар;1;0.23;N;4
449;22;120000;RENT;4;EDUCATION;24000;сен.91;0;0.2;N;4
450;24;120000;RENT;1;VENTURE;24000;дек.69;0;0.2;N;4
451;26;108000;RENT;9;EDUCATION;24000;20.16;1;0.22;N;3
452;24;124080;RENT;4;PERSONAL;24000;16.49;0;0.19;Y;4
453;23;18000;MORTGAGE;1;MEDICAL;2500;15.95;1;0.14;N;2
454;24;130000;RENT;7;DEBTCONSOLIDATION;24000;ноя.49;0;0.18;N;3
455;25;135000;RENT;8;PERSONAL;24000;окт.99;0;0.18;N;2
456;24;135000;RENT;4;HOMEIMPROVEMENT;24000;13.79;0;0.18;N;2
457;23;114750;RENT;2;MEDICAL;24000;20.мар;1;0.18;Y;3
458;23;150000;RENT;0;EDUCATION;24000;июл.49;0;0.16;N;4
459;23;138000;RENT;7;DEBTCONSOLIDATION;24000;16;1;0.17;Y;2
460;24;18000;OWN;6;PERSONAL;13000;июл.88;1;0.72;N;3
461;21;18000;OWN;0;VENTURE;6250;окт.62;1;0.35;N;4
462;26;155000;RENT;7;DEBTCONSOLIDATION;24000;окт.99;0;0.15;N;4
463;26;148000;RENT;1;EDUCATION;24000;18.мар;1;0.16;N;2
464;26;170000;RENT;3;DEBTCONSOLIDATION;24000;;0;0.14;Y;2
465;21;18000;OWN;1;PERSONAL;2500;ноя.36;0;0.14;N;3
466;24;43896;RENT;8;HOMEIMPROVEMENT;23975;;1;0.55;N;2
467;23;120000;RENT;4;MEDICAL;23750;13.47;0;0.2;N;2
468;24;54996;RENT;2;PERSONAL;23600;ноя.89;1;0.43;N;3
469;24;18000;MORTGAGE;0;DEBTCONSOLIDATION;10000;дек.18;1;0.56;N;2
470;25;102000;RENT;9;DEBTCONSOLIDATION;23600;13.49;0;0.23;N;4
471;23;75000;RENT;3;PERSONAL;23575;14.май;1;0.31;N;4
472;22;18000;OWN;2;MEDICAL;4000;;1;0.22;N;2
473;22;18000;OWN;1;MEDICAL;5400;15.31;1;0.3;Y;2
474;25;18000;MORTGAGE;1;MEDICAL;4000;;1;0.22;N;3
475;21;18000;OWN;5;VENTURE;3375;;1;0.19;N;2
476;22;66960;RENT;1;VENTURE;23400;июл.49;1;0.35;N;2
477;22;43385;RENT;7;PERSONAL;23000;;1;0.53;N;3
478;25;56544;RENT;3;EDUCATION;23000;;1;0.41;N;2
479;23;60000;RENT;2;VENTURE;23000;дек.18;1;0.38;N;4
480;24;18000;MORTGAGE;3;VENTURE;1200;ноя.34;0;0.07;Y;4
481;25;63208;RENT;9;EDUCATION;23000;сен.91;1;0.36;N;3
482;24;65000;RENT;0;HOMEIMPROVEMENT;23000;ноя.99;1;0.35;N;4
483;23;68000;RENT;7;EDUCATION;23000;сен.62;1;0.34;N;2
484;22;18000;OWN;1;DEBTCONSOLIDATION;3000;сен.96;1;0.17;N;3
485;25;80000;RENT;9;VENTURE;23000;;0;0.29;N;2
486;24;88000;RENT;1;VENTURE;23000;14.54;1;0.26;N;2
487;22;58600;RENT;5;MEDICAL;22750;ноя.36;1;0.39;N;4
488;23;70000;RENT;7;DEBTCONSOLIDATION;22500;14.27;1;0.32;N;2
489;24;18287;OWN;3;HOMEIMPROVEMENT;3000;ноя.99;1;0.16;N;3
490;26;69846;RENT;2;EDUCATION;22500;18.99;1;0.32;Y;2
491;24;73000;RENT;0;VENTURE;22400;16.июл;1;0.31;Y;4
492;24;18500;MORTGAGE;8;PERSONAL;5000;сен.32;1;0.27;N;3
493;23;35000;RENT;2;DEBTCONSOLIDATION;22250;дек.69;1;0.64;N;3
494;25;43000;RENT;9;HOMEIMPROVEMENT;22000;13.ноя;1;0.51;N;2
495;25;52000;RENT;4;PERSONAL;22000;окт.74;1;0.42;N;2
496;21;18701;MORTGAGE;0;PERSONAL;4200;14.ноя;1;0.22;Y;4
497;22;57000;RENT;6;EDUCATION;22000;сен.63;1;0.39;N;3
498;25;58000;RENT;0;MEDICAL;22000;14.65;1;0.38;N;2
499;23;60000;RENT;6;DEBTCONSOLIDATION;22000;окт.25;1;0.37;N;4
500;24;60000;RENT;3;VENTURE;22000;14.26;1;0.37;Y;2
501;25;18840;MORTGAGE;5;EDUCATION;3000;сен.91;1;0.16;N;2
502;26;56000;RENT;7;MEDICAL;22000;17.19;1;0.39;N;3
503;22;70000;RENT;3;EDUCATION;22000;ноя.36;1;0.31;N;4
504;22;66000;RENT;1;EDUCATION;22000;;1;0.33;N;2
505;23;74064;RENT;3;DEBTCONSOLIDATION;22000;окт.59;0;0.3;N;3
506;24;76597;RENT;5;EDUCATION;22000;сен.25;0;0.29;N;2
507;22;19000;OWN;6;MEDICAL;3625;авг.49;1;0.19;N;3
508;26;77000;RENT;0;VENTURE;22000;июн.54;0;0.29;N;3
509;21;19000;OWN;5;MEDICAL;6000;авг.49;1;0.32;N;3
510;24;80000;RENT;0;MEDICAL;22000;;0;0.28;N;4
511;26;82600;RENT;10;VENTURE;22000;дек.69;0;0.27;N;2
512;24;19000;OWN;3;MEDICAL;7400;13.85;1;0.39;N;2
513;25;19000;OWN;3;DEBTCONSOLIDATION;4000;07.апр;1;0.21;N;3
514;23;84000;RENT;3;DEBTCONSOLIDATION;22000;ноя.71;0;0.26;N;4
515;25;77650;RENT;8;PERSONAL;22000;ноя.48;1;0.28;N;3
516;25;82000;RENT;1;EDUCATION;22000;17.51;1;0.27;N;2
517;21;19012;MORTGAGE;0;DEBTCONSOLIDATION;3500;14.61;1;0.18;N;3
518;23;99996;RENT;3;DEBTCONSOLIDATION;22000;июл.88;0;0.22;N;4
519;23;110000;RENT;0;PERSONAL;22000;;0;0.2;N;3
520;22;19200;MORTGAGE;6;PERSONAL;4950;ноя.71;1;0.26;N;2
521;25;57000;RENT;4;PERSONAL;21700;ноя.99;1;0.38;N;2
522;24;54000;RENT;5;VENTURE;21600;13.49;1;0.4;N;2
523;23;56000;RENT;8;MEDICAL;21600;21.21;1;0.39;Y;4
524;26;63000;RENT;2;DEBTCONSOLIDATION;21600;14.35;1;0.34;Y;3
525;22;82000;RENT;3;PERSONAL;21600;13.61;0;0.26;Y;3
526;22;78000;RENT;6;DEBTCONSOLIDATION;21600;ноя.26;1;0.28;N;3
527;22;19200;OWN;0;VENTURE;2400;окт.59;0;0.13;N;3
528;24;112140;RENT;8;MEDICAL;21600;07.сен;0;0.19;N;2
529;24;19200;MORTGAGE;;HOMEIMPROVEMENT;7000;май.99;1;0.36;N;4
530;25;19200;OWN;4;EDUCATION;3000;ноя.99;1;0.16;N;4
531;24;59000;RENT;5;MEDICAL;21500;16.89;1;0.36;N;3
532;24;70000;RENT;5;HOMEIMPROVEMENT;21500;сен.99;1;0.31;N;3
533;24;116000;RENT;5;EDUCATION;21500;15.33;0;0.19;Y;3
534;25;60000;RENT;5;EDUCATION;21450;июл.29;1;0.36;N;4
535;22;31000;RENT;5;DEBTCONSOLIDATION;21250;дек.42;1;0.69;N;3
536;25;47052;RENT;5;VENTURE;21250;окт.99;1;0.45;N;2
537;25;51060;RENT;9;VENTURE;21250;июн.91;1;0.42;N;2
538;22;19200;MORTGAGE;6;DEBTCONSOLIDATION;5000;14.17;1;0.26;Y;2
539;22;53000;RENT;3;MEDICAL;21250;окт.25;1;0.4;N;3
540;26;19200;OWN;0;EDUCATION;9250;;1;0.48;N;2
541;24;56000;RENT;8;VENTURE;21250;15.95;1;0.38;Y;3
542;24;65000;RENT;4;EDUCATION;21250;15.95;1;0.33;Y;4
543;21;35000;RENT;3;VENTURE;21000;дек.53;1;0.6;N;4
544;22;19200;MORTGAGE;6;HOMEIMPROVEMENT;1400;14.91;1;0.07;Y;4
545;23;19200;MORTGAGE;7;MEDICAL;3000;;1;0.16;N;4
546;26;40000;RENT;3;MEDICAL;21000;июн.54;1;0.53;N;4
547;25;19200;OWN;2;VENTURE;1000;;0;0.05;N;3
548;26;42000;RENT;0;MEDICAL;21000;17.26;1;0.5;Y;4
549;23;63000;RENT;2;MEDICAL;21000;ноя.36;1;0.33;N;2
550;26;19200;MORTGAGE;5;VENTURE;4000;июл.51;1;0.21;N;4
551;22;59000;RENT;2;PERSONAL;21000;окт.71;1;0.36;N;3
552;22;70500;RENT;3;PERSONAL;21000;13.98;0;0.3;Y;4
553;26;65219;RENT;11;DEBTCONSOLIDATION;21000;14.сен;1;0.32;N;3
554;22;75000;RENT;2;EDUCATION;21000;10;0;0.28;N;3
555;22;19200;MORTGAGE;3;MEDICAL;5000;15.33;1;0.26;N;3
556;25;62047;RENT;9;MEDICAL;21000;16.32;1;0.29;Y;4
557;24;79000;RENT;8;HOMEIMPROVEMENT;21000;07.сен;0;0.27;N;2
558;23;80000;RENT;3;MEDICAL;21000;ноя.99;0;0.26;N;3
559;24;84000;RENT;8;MEDICAL;21000;окт.75;0;0.25;N;4
560;26;85000;RENT;3;HOMEIMPROVEMENT;21000;13.92;0;0.25;N;3
561;22;93000;RENT;1;EDUCATION;21000;сен.91;0;0.23;N;3
562;26;81000;RENT;10;EDUCATION;21000;16.95;1;0.26;Y;3
563;26;97000;RENT;1;EDUCATION;21000;07.сен;0;0.22;N;3
564;26;97000;RENT;3;EDUCATION;21000;;0;0.22;Y;3
565;25;100000;RENT;2;PERSONAL;21000;16.49;1;0.21;Y;3
566;26;19200;OTHER;0;PERSONAL;7500;ноя.97;1;0.39;Y;2
567;21;19253;MORTGAGE;;DEBTCONSOLIDATION;6250;июн.17;1;0.32;N;3
568;26;125000;RENT;5;HOMEIMPROVEMENT;21000;08.сен;0;0.17;N;2
569;25;125000;RENT;9;EDUCATION;21000;дек.99;0;0.17;Y;3
570;23;82000;RENT;2;PERSONAL;20900;дек.69;0;0.25;N;2
571;21;19500;MORTGAGE;0;EDUCATION;15000;сен.64;1;0.77;N;2
572;26;50000;RENT;7;VENTURE;20500;июл.49;1;0.41;N;3
573;23;70000;RENT;2;EDUCATION;20500;13.16;0;0.29;Y;3
574;22;19800;OWN;1;EDUCATION;2100;авг.38;0;0.11;N;4
575;123;80004;RENT;2;EDUCATION;20400;окт.25;0;0.25;N;3
576;23;54000;RENT;7;PERSONAL;20375;июл.49;1;0.38;N;2
577;26;26000;RENT;10;EDUCATION;20050;сен.76;1;0.77;N;2
578;24;33000;RENT;1;DEBTCONSOLIDATION;20000;окт.99;1;0.61;N;3
579;23;20000;OWN;0;PERSONAL;5000;ноя.71;0;0.25;N;4
580;22;20000;OWN;6;PERSONAL;9250;окт.65;0;0.46;N;4
581;24;35364;RENT;1;MEDICAL;20000;дек.53;1;0.57;N;4
582;25;38000;RENT;4;MEDICAL;20000;14.59;1;0.53;N;4
583;23;32000;RENT;3;DEBTCONSOLIDATION;20000;дек.61;1;0.63;N;4
584;25;38004;RENT;6;MEDICAL;20000;13.ноя;1;0.53;N;2
585;23;20000;MORTGAGE;2;MEDICAL;6400;окт.65;0;0.32;N;4
586;25;38556;RENT;9;PERSONAL;20000;ноя.22;1;0.52;Y;4
587;23;32900;RENT;1;EDUCATION;20000;16;1;0.61;N;2
588;25;34000;RENT;10;HOMEIMPROVEMENT;20000;авг.88;1;0.59;N;4
589;24;40000;RENT;4;PERSONAL;20000;дек.53;1;0.5;N;3
590;21;36000;RENT;5;MEDICAL;20000;;1;0.56;Y;2
591;26;20000;MORTGAGE;5;MEDICAL;4800;май.99;0;0.24;N;3
592;25;42000;RENT;2;EDUCATION;20000;13.47;1;0.48;N;4
593;22;42224;RENT;7;VENTURE;20000;июн.99;1;0.47;N;4
594;25;20000;OWN;0;PERSONAL;5650;15.99;0;0.28;Y;2
595;23;20000;MORTGAGE;7;EDUCATION;3625;;0;0.18;Y;3
596;22;37212;RENT;6;DEBTCONSOLIDATION;20000;16.69;1;0.54;N;3
597;25;38000;RENT;9;MEDICAL;20000;11.ноя;1;0.53;N;4
598;22;45000;RENT;0;EDUCATION;20000;07.сен;1;0.44;N;4
599;23;45000;RENT;4;PERSONAL;20000;окт.25;1;0.44;N;2
600;24;45000;RENT;8;MEDICAL;20000;;1;0.44;N;2
601;23;20000;OWN;7;MEDICAL;1200;июл.49;0;0.06;N;3
602;22;45000;RENT;1;DEBTCONSOLIDATION;20000;13.92;1;0.44;Y;3
603;24;39000;RENT;5;MEDICAL;20000;14.74;1;0.51;N;2
604;24;46500;RENT;5;EDUCATION;20000;окт.62;1;0.43;N;2
605;22;48000;RENT;7;VENTURE;20000;окт.65;1;0.42;N;3
606;22;42000;RENT;1;PERSONAL;20000;дек.99;1;0.48;N;3
607;22;48500;RENT;1;VENTURE;20000;ноя.36;1;0.41;N;4
608;22;20000;OWN;3;EDUCATION;7500;май.79;0;0.38;N;4
609;23;49400;RENT;0;EDUCATION;20000;июн.54;1;0.4;N;4
610;25;20000;MORTGAGE;1;VENTURE;4000;май.79;0;0.2;N;2
611;25;50000;RENT;10;DEBTCONSOLIDATION;20000;июл.49;1;0.4;N;3
612;25;50000;RENT;9;EDUCATION;20000;13.43;1;0.4;N;2
613;22;50000;RENT;6;DEBTCONSOLIDATION;20000;13.22;1;0.4;N;2
614;22;20000;OWN;1;VENTURE;5000;14.72;0;0.25;N;3
615;22;44000;RENT;2;EDUCATION;20000;15.68;1;0.45;N;4
616;24;50866;RENT;6;MEDICAL;20000;;1;0.39;N;3
617;25;50950;RENT;5;HOMEIMPROVEMENT;20000;ноя.48;1;0.39;N;3
618;24;51000;RENT;8;VENTURE;20000;окт.38;1;0.39;N;3
619;22;51000;RENT;5;EDUCATION;20000;дек.53;1;0.39;N;3
620;22;51000;RENT;0;EDUCATION;20000;13.47;1;0.39;N;2
621;24;51500;RENT;6;VENTURE;20000;дек.21;1;0.39;N;4
622;25;51996;RENT;9;VENTURE;20000;окт.99;1;0.38;N;3
623;25;52000;RENT;1;EDUCATION;20000;ноя.36;1;0.38;N;4
624;22;46000;RENT;2;DEBTCONSOLIDATION;20000;16;1;0.43;Y;4
625;26;20000;MORTGAGE;1;PERSONAL;1500;июл.74;0;0.07;N;3
626;24;52000;RENT;8;EDUCATION;20000;15.65;1;0.38;Y;2
627;25;46000;RENT;9;DEBTCONSOLIDATION;20000;ноя.78;1;0.43;Y;2
628;24;52559;RENT;9;HOMEIMPROVEMENT;20000;;1;0.38;N;3
629;22;47000;RENT;5;MEDICAL;20000;16.77;1;0.43;N;3
630;22;54000;RENT;2;EDUCATION;20000;сен.91;1;0.37;N;4
631;23;48000;RENT;7;MEDICAL;20000;15.65;1;0.42;N;4
632;23;48000;RENT;0;MEDICAL;20000;14.96;1;0.42;N;3
633;23;54000;RENT;1;VENTURE;20000;ноя.83;1;0.37;N;4
634;24;48912;RENT;0;MEDICAL;20000;ноя.66;1;0.41;N;4
635;26;54996;RENT;8;EDUCATION;20000;дек.18;1;0.36;N;4
636;24;55000;RENT;8;HOMEIMPROVEMENT;20000;июн.91;1;0.36;N;2
637;25;55000;RENT;3;DEBTCONSOLIDATION;20000;июн.91;1;0.36;N;3
638;26;49000;RENT;0;HOMEIMPROVEMENT;20000;19.79;1;0.41;N;3
639;25;55000;RENT;0;VENTURE;20000;сен.88;1;0.36;N;4
640;22;20000;MORTGAGE;0;PERSONAL;16600;сен.76;0;0.83;N;3
641;23;55000;RENT;5;DEBTCONSOLIDATION;20000;дек.53;1;0.36;N;2
642;25;55200;RENT;7;VENTURE;20000;;1;0.36;N;4
643;23;20004;MORTGAGE;6;PERSONAL;7125;июн.99;0;0.36;N;2
644;23;57000;RENT;3;EDUCATION;20000;16.89;1;0.35;N;2
645;22;51012;RENT;1;PERSONAL;20000;17.49;1;0.39;Y;4
646;23;20004;MORTGAGE;2;EDUCATION;2500;16.82;0;0.12;Y;2
647;26;20004;MORTGAGE;4;HOMEIMPROVEMENT;3600;;0;0.18;N;2
648;22;58000;RENT;0;DEBTCONSOLIDATION;20000;13.ноя;1;0.34;N;2
649;23;58800;RENT;7;DEBTCONSOLIDATION;20000;июл.66;1;0.34;N;3
649;23;58800;RENT;7;DEBTCONSOLIDATION;20000;июл.66;1;0.34;N;3
649;23;58800;RENT;7;DEBTCONSOLIDATION;20000;июл.66;1;0.34;N;3
